"Repeat","Value","Convergence","pE","alpha","k","a","omega","p","eta","mu","R0"
254,52413.031302322,"Successful completion",0.000459875922905146,0.8542094896201,0.999997289645702,3.19271219599614,0.0779241176505202,0.01870440089528,3.17528607101467e-05,0.00228289097667323,2.49678276114584
