"Repeat","Value","Convergence","pE","alpha","k","a","omega","p","eta","mu","R0"
417,54989.3319091974,"Successful completion",0.00079965693194307,0.981954928794965,0.997629337631785,3.78839093087832,0.0796314464645889,0.0185085401743528,3.20557211862024e-05,0.00227850593277186,2.4966905820631
